;Видеокарта;MSI;GT730;602-V809-1481SD1905006617;;
;Видеокарта;MSI;GT730;602-V809-1481SD1905006571;;
;Видеокарта;MSI;GT730;602-V809-1481SD1905006572;;
;Видеокарта;MSI;GT730;602-V809-1481SD1905006573;;
;Видеокарта;MSI;GT730;602-V809-1481SD1905006574;;
;Видеокарта;MSI;GT730;602-V809-1481SD1905006575;;
;Видеокарта;MSI;GT730;602-V809-1481SD1905006576;;
;Видеокарта;MSI;GT730;602-V809-1481SD1905006577;;
;Видеокарта;MSI;GT730;602-V809-1481SD1905006578;;
;Видеокарта;MSI;GT730;602-V809-1481SD1905006579;;
;Видеокарта;MSI;GT730;602-V809-1481SD1905006580;;
;Видеокарта;MSI;GT730;602-V809-1481SD1905006581;;
;Видеокарта;MSI;GT730;602-V809-1481SD1905006582;;
;Видеокарта;MSI;GT730;602-V809-1481SD1905006583;;
;Видеокарта;MSI;GT730;602-V809-1481SD1905006584;;
;Видеокарта;MSI;GT730;602-V809-1481SD1905006585;;
;Видеокарта;MSI;GT730;602-V809-1481SD1905006586;;
;Видеокарта;MSI;GT730;602-V809-1481SD1905006587;;
;Видеокарта;MSI;GT730;602-V809-1481SD1905006588;;
;Видеокарта;MSI;GT730;602-V809-1481SD1905006589;;
;Видеокарта;MSI;GT730;602-V809-1481SD1905006590;;
;Видеокарта;MSI;GT730;602-V809-1481SD1905006631;;
;Видеокарта;MSI;GT730;602-V809-1481SD1905006632;;
;Видеокарта;MSI;GT730;602-V809-1481SD1905006633;;
;Видеокарта;MSI;GT730;602-V809-1481SD1905006634;;
;Видеокарта;MSI;GT730;602-V809-1481SD1905006635;;
;Видеокарта;MSI;GT730;602-V809-1481SD1905006636;;
;Видеокарта;MSI;GT730;602-V809-1481SD1905006637;;
;Видеокарта;MSI;GT730;602-V809-1481SD1905006638;;
;Видеокарта;MSI;GT730;602-V809-1481SD1905006639;;
;Видеокарта;MSI;GT730;602-V809-1481SD1905006640;;
;Видеокарта;MSI;GT730;602-V809-1481SD1905006641;;
;Видеокарта;MSI;GT730;602-V809-1481SD1905006642;;
;Видеокарта;MSI;GT730;602-V809-1481SD1905006643;;
;Видеокарта;MSI;GT730;602-V809-1481SD1905006644;;
;Видеокарта;MSI;GT730;602-V809-1481SD1905006645;;
;Видеокарта;MSI;GT730;602-V809-1481SD1905006646;;
;Видеокарта;MSI;GT730;602-V809-1481SD1905006647;;
;Видеокарта;MSI;GT730;602-V809-1481SD1905006648;;
;Видеокарта;MSI;GT730;602-V809-1481SD1905006649;;
;Видеокарта;MSI;GT730;602-V809-1481SD1905006650;;
;Видеокарта;MSI;GT730;602-V809-1481SD1905006651;;
;Видеокарта;MSI;GT730;602-V809-1481SD1905006652;;
;Видеокарта;MSI;GT730;602-V809-1481SD1905006653;;
;Видеокарта;MSI;GT730;602-V809-1481SD1905006654;;
;Видеокарта;MSI;GT730;602-V809-1481SD1905006655;;
;Видеокарта;MSI;GT730;602-V809-1481SD1905006656;;
;Видеокарта;MSI;GT730;602-V809-1481SD1905006657;;
;Видеокарта;MSI;GT730;602-V809-1481SD1905006658;;
;Видеокарта;MSI;GT730;602-V809-1481SD1905006659;;
;Видеокарта;MSI;GT730;602-V809-1481SD1905006660;;
;Видеокарта;MSI;GT730;602-V809-1481SD1905006661;;
;Видеокарта;MSI;GT730;602-V809-1481SD1905006662;;
;Видеокарта;MSI;GT730;602-V809-1481SD1905006663;;
;Видеокарта;MSI;GT730;602-V809-1481SD1905006664;;
;Видеокарта;MSI;GT730;602-V809-1481SD1905006665;;
;Видеокарта;MSI;GT730;602-V809-1481SD1905006666;;
;Видеокарта;MSI;GT730;602-V809-1481SD1905006667;;
;Видеокарта;MSI;GT730;602-V809-1481SD1905006668;;
;Видеокарта;MSI;GT730;602-V809-1481SD1905006669;;
;Видеокарта;MSI;GT730;602-V809-1481SD1905006670;;
;Видеокарта;MSI;GT730;602-V809-1481SD1905006591;;
;Видеокарта;MSI;GT730;602-V809-1481SD1905006592;;
;Видеокарта;MSI;GT730;602-V809-1481SD1905006593;;
;Видеокарта;MSI;GT730;602-V809-1481SD1905006594;;
;Видеокарта;MSI;GT730;602-V809-1481SD1905006595;;
;Видеокарта;MSI;GT730;602-V809-1481SD1905006596;;
;Видеокарта;MSI;GT730;602-V809-1481SD1905006597;;
;Видеокарта;MSI;GT730;602-V809-1481SD1905006598;;
;Видеокарта;MSI;GT730;602-V809-1481SD1905006599;;
;Видеокарта;MSI;GT730;602-V809-1481SD1905006600;;
;Видеокарта;MSI;GT730;602-V809-1481SD1905006601;;
;Видеокарта;MSI;GT730;602-V809-1481SD1905006602;;
;Видеокарта;MSI;GT730;602-V809-1481SD1905006603;;
;Видеокарта;MSI;GT730;602-V809-1481SD1905006604;;
;Видеокарта;MSI;GT730;602-V809-1481SD1905006605;;
;Видеокарта;MSI;GT730;602-V809-1481SD1905006606;;
;Видеокарта;MSI;GT730;602-V809-1481SD1905006607;;
;Видеокарта;MSI;GT730;602-V809-1481SD1905006608;;
;Видеокарта;MSI;GT730;602-V809-1481SD1905006609;;
;Видеокарта;MSI;GT730;602-V809-1481SD1905006610;;
;Материнская плата;Gigabyte;GA-H110-D3;SN180850110536;;
;Материнская плата;Gigabyte;GA-H110-D3;SN181050059881;;
;Материнская плата;Gigabyte;GA-H110-D3;SN180850110621;;
;Материнская плата;Gigabyte;GA-H110-D3;SN180850110622;;
;Материнская плата;Gigabyte;GA-H110-D3;SN180850110623;;
;Материнская плата;Gigabyte;GA-H110-D3;SN180850110624;;
;Материнская плата;Gigabyte;GA-H110-D3;SN180850110625;;
;Материнская плата;Gigabyte;GA-H110-D3;SN180850110626;;
;Материнская плата;Gigabyte;GA-H110-D3;SN180850110627;;
;Материнская плата;Gigabyte;GA-H110-D3;SN180850110628;;
;Материнская плата;Gigabyte;GA-H110-D3;SN180850110629;;
;Материнская плата;Gigabyte;GA-H110-D3;SN180850110630;;
;Материнская плата;Gigabyte;GA-H110-D3;SN180850110631;;
;Материнская плата;Gigabyte;GA-H110-D3;SN180850110632;;
;Материнская плата;Gigabyte;GA-H110-D3;SN180850110633;;
;Материнская плата;Gigabyte;GA-H110-D3;SN180850110634;;
;Материнская плата;Gigabyte;GA-H110-D3;SN180850110635;;
;Материнская плата;Gigabyte;GA-H110-D3;SN180850110636;;
;Материнская плата;Gigabyte;GA-H110-D3;SN180850110637;;
;Материнская плата;Gigabyte;GA-H110-D3;SN180850110638;;
;Материнская плата;Gigabyte;GA-H110-D3;SN180850110639;;
;Материнская плата;Gigabyte;GA-H110-D3;SN180850110640;;
;Материнская плата;Gigabyte;GA-H110-D3;SN180850110641;;
;Материнская плата;Gigabyte;GA-H110-D3;SN180850110642;;
;Материнская плата;Gigabyte;GA-H110-D3;SN180850110643;;
;Материнская плата;Gigabyte;GA-H110-D3;SN180850110644;;
;Материнская плата;Gigabyte;GA-H110-D3;SN180850110645;;
;Материнская плата;Gigabyte;GA-H110-D3;SN180850110646;;
;Материнская плата;Gigabyte;GA-H110-D3;SN180850110647;;
;Материнская плата;Gigabyte;GA-H110-D3;SN180850110648;;
;Материнская плата;Gigabyte;GA-H110-D3;SN180850110649;;
;Материнская плата;Gigabyte;GA-H110-D3;SN180850110650;;
;Материнская плата;Gigabyte;GA-H110-D3;SN180850110571;;
;Материнская плата;Gigabyte;GA-H110-D3;SN180850110572;;
;Материнская плата;Gigabyte;GA-H110-D3;SN180850110573;;
;Материнская плата;Gigabyte;GA-H110-D3;SN180850110574;;
;Материнская плата;Gigabyte;GA-H110-D3;SN180850110575;;
;Материнская плата;Gigabyte;GA-H110-D3;SN180850110576;;
;Материнская плата;Gigabyte;GA-H110-D3;SN180850110577;;
;Материнская плата;Gigabyte;GA-H110-D3;SN180850110578;;
;Материнская плата;Gigabyte;GA-H110-D3;SN180850110579;;
;Материнская плата;Gigabyte;GA-H110-D3;SN180850110580;;
;Материнская плата;Gigabyte;GA-H110-D3;SN180850110521;;
;Материнская плата;Gigabyte;GA-H110-D3;SN180850110522;;
;Материнская плата;Gigabyte;GA-H110-D3;SN180850110523;;
;Материнская плата;Gigabyte;GA-H110-D3;SN180850110524;;
;Материнская плата;Gigabyte;GA-H110-D3;SN180850110525;;
;Материнская плата;Gigabyte;GA-H110-D3;SN180850110526;;
;Материнская плата;Gigabyte;GA-H110-D3;SN180850110527;;
;Материнская плата;Gigabyte;GA-H110-D3;SN180850110528;;
;Материнская плата;Gigabyte;GA-H110-D3;SN180850110529;;
;Материнская плата;Gigabyte;GA-H110-D3;SN180850110530;;
;Материнская плата;Gigabyte;GA-H110-D3;SN180850110731;;
;Материнская плата;Gigabyte;GA-H110-D3;SN180850110732;;
;Материнская плата;Gigabyte;GA-H110-D3;SN180850110733;;
;Материнская плата;Gigabyte;GA-H110-D3;SN180850110734;;
;Материнская плата;Gigabyte;GA-H110-D3;SN180850110735;;
;Материнская плата;Gigabyte;GA-H110-D3;SN180850110736;;
;Материнская плата;Gigabyte;GA-H110-D3;SN180850110737;;
;Материнская плата;Gigabyte;GA-H110-D3;SN180850110738;;
;Материнская плата;Gigabyte;GA-H110-D3;SN180850110739;;
;Материнская плата;Gigabyte;GA-H110-D3;SN180850110740;;
;Материнская плата;Gigabyte;GA-H110-D3;SN180850110831;;
;Материнская плата;Gigabyte;GA-H110-D3;SN180850110832;;
;Материнская плата;Gigabyte;GA-H110-D3;SN180850110833;;
;Материнская плата;Gigabyte;GA-H110-D3;SN180850110834;;
;Материнская плата;Gigabyte;GA-H110-D3;SN180850110835;;
;Материнская плата;Gigabyte;GA-H110-D3;SN180850110836;;
;Материнская плата;Gigabyte;GA-H110-D3;SN180850110837;;
;Материнская плата;Gigabyte;GA-H110-D3;SN180850110838;;
;Материнская плата;Gigabyte;GA-H110-D3;SN180850110839;;
;Материнская плата;Gigabyte;GA-H110-D3;SN180850110840;;
;Материнская плата;Gigabyte;GA-H110-D3;SN181050059882;;
;Материнская плата;Gigabyte;GA-H110-D3;SN181050059883;;
;Материнская плата;Gigabyte;GA-H110-D3;SN181050059884;;
;Материнская плата;Gigabyte;GA-H110-D3;SN181050059885;;
;Материнская плата;Gigabyte;GA-H110-D3;SN181050059886;;
;Материнская плата;Gigabyte;GA-H110-D3;SN181050059887;;
;Материнская плата;Gigabyte;GA-H110-D3;SN181050059888;;
;Материнская плата;Gigabyte;GA-H110-D3;SN181050059889;;
;Материнская плата;Gigabyte;GA-H110-D3;SN181050059890;;
;Процессор;Intel;Core i3-7100;03742;;
;Процессор;Intel;Core i3-7100;04957;;
;Процессор;Intel;Core i3-7100;04492;;
;Процессор;Intel;Core i3-7100;04628;;
;Процессор;Intel;Core i3-7100;04667;;
;Процессор;Intel;Core i3-7100;03273;;
;Процессор;Intel;Core i3-7100;03094;;
;Процессор;Intel;Core i3-7100;04520;;
;Процессор;Intel;Core i3-7100;04162;;
;Процессор;Intel;Core i3-7100;03818;;
;Процессор;Intel;Core i3-7100;03821;;
;Процессор;Intel;Core i3-7100;04226;;
;Процессор;Intel;Core i3-7100;04000;;
;Процессор;Intel;Core i3-7100;03833;;
;Процессор;Intel;Core i3-7100;03873;;
;Процессор;Intel;Core i3-7100;03633;;
;Процессор;Intel;Core i3-7100;04079;;
;Процессор;Intel;Core i3-7100;03843;;
;Процессор;Intel;Core i3-7100;03820;;
;Процессор;Intel;Core i3-7100;03868;;
;Процессор;Intel;Core i3-7100;03861;;
;Процессор;Intel;Core i3-7100;03876;;
;Процессор;Intel;Core i3-7100;03650;;
;Процессор;Intel;Core i3-7100;03866;;
;Процессор;Intel;Core i3-7100;04303;;
;Процессор;Intel;Core i3-7100;04298;;
;Процессор;Intel;Core i3-7100;04017;;
;Процессор;Intel;Core i3-7100;03960;;
;Процессор;Intel;Core i3-7100;04333;;
;Процессор;Intel;Core i3-7100;03944;;
;Процессор;Intel;Core i3-7100;03967;;
;Процессор;Intel;Core i3-7100;04247;;
;Процессор;Intel;Core i3-7100;04448;;
;Процессор;Intel;Core i3-7100;04565;;
;Процессор;Intel;Core i3-7100;04450;;
;Процессор;Intel;Core i3-7100;04309;;
;Процессор;Intel;Core i3-7100;04835;;
;Процессор;Intel;Core i3-7100;03602;;
;Процессор;Intel;Core i3-7100;04638;;
;Процессор;Intel;Core i3-7100;04571;;
;Процессор;Intel;Core i3-7100;04570;;
;Процессор;Intel;Core i3-7100;03662;;
;Процессор;Intel;Core i3-7100;04331;;
;Процессор;Intel;Core i3-7100;05700;;
;Процессор;Intel;Core i3-7100;03972;;
;Процессор;Intel;Core i3-7100;04284;;
;Процессор;Intel;Core i3-7100;04230;;
;Процессор;Intel;Core i3-7100;04243;;
;Процессор;Intel;Core i3-7100;03564;;
;Процессор;Intel;Core i3-7100;04306;;
;Процессор;Intel;Core i3-7100;05181;;
;Процессор;Intel;Core i3-7100;03636;;
;Процессор;Intel;Core i3-7100;03106;;
;Процессор;Intel;Core i3-7100;03936;;
;Процессор;Intel;Core i3-7100;04972;;
;Процессор;Intel;Core i3-7100;03581;;
;Процессор;Intel;Core i3-7100;04966;;
;Процессор;Intel;Core i3-7100;04622;;
;Процессор;Intel;Core i3-7100;04219;;
;Процессор;Intel;Core i3-7100;04193;;
;Процессор;Intel;Core i3-7100;03639;;
;Процессор;Intel;Core i3-7100;04956;;
;Процессор;Intel;Core i3-7100;04185;;
;Процессор;Intel;Core i3-7100;04975;;
;Процессор;Intel;Core i3-7100;04487;;
;Процессор;Intel;Core i3-7100;04961;;
;Процессор;Intel;Core i3-7100;03941;;
;Процессор;Intel;Core i3-7100;03554;;
;Процессор;Intel;Core i3-7100;03932;;
;Процессор;Intel;Core i3-7100;03565;;
;Процессор;Intel;Core i3-7100;04195;;
;Процессор;Intel;Core i3-7100;04426;;
;Процессор;Intel;Core i3-7100;03789;;
;Процессор;Intel;Core i3-7100;03736;;
;Процессор;Intel;Core i3-7100;03893;;
;Процессор;Intel;Core i3-7100;03171;;
;Процессор;Intel;Core i3-7100;06590;;
;Процессор;Intel;Core i3-7100;03174;;
;Процессор;Intel;Core i3-7100;04088;;
;Процессор;Intel;Core i3-7100;04032;;
;Процессор;Intel;Core i3-7100;03872;;
;Модуль памяти;KINGSTON;KVR24N17S6/4 4GB;1932 0000008479036-S005648;;
;Модуль памяти;KINGSTON;KVR24N17S6/4 4GB;1932 0000008479036-S004358;;
;Модуль памяти;KINGSTON;KVR24N17S6/4 4GB;1932 0000008479036-S004489;;
;Модуль памяти;KINGSTON;KVR24N17S6/4 4GB;1932 0000008479036-S004359;;
;Модуль памяти;KINGSTON;KVR24N17S6/4 4GB;1932 0000008479036-S004317;;
;Модуль памяти;KINGSTON;KVR24N17S6/4 4GB;1932 0000008479036-S004450;;
;Модуль памяти;KINGSTON;KVR24N17S6/4 4GB;1932 0000008479036-S004490;;
;Модуль памяти;KINGSTON;KVR24N17S6/4 4GB;1932 0000008479036-S004463;;
;Модуль памяти;KINGSTON;KVR24N17S6/4 4GB;1932 0000008479036-S004405;;
;Модуль памяти;KINGSTON;KVR24N17S6/4 4GB;1932 0000008479036-S004410;;
;Модуль памяти;KINGSTON;KVR24N17S6/4 4GB;1932 0000008479036-S004491;;
;Модуль памяти;KINGSTON;KVR24N17S6/4 4GB;1932 0000008479036-S004426;;
;Модуль памяти;KINGSTON;KVR24N17S6/4 4GB;1932 0000008479036-S004819;;
;Модуль памяти;KINGSTON;KVR24N17S6/4 4GB;1932 0000008479036-S005644;;
;Модуль памяти;KINGSTON;KVR24N17S6/4 4GB;1932 0000008479036-S004470;;
;Модуль памяти;KINGSTON;KVR24N17S6/4 4GB;1932 0000008479036-S002470;;
;Модуль памяти;KINGSTON;KVR24N17S6/4 4GB;1932 0000008479036-S003668;;
;Модуль памяти;KINGSTON;KVR24N17S6/4 4GB;1932 0000008479036-S003877;;
;Модуль памяти;KINGSTON;KVR24N17S6/4 4GB;1932 0000008479036-S005840;;
;Модуль памяти;KINGSTON;KVR24N17S6/4 4GB;1932 0000008479036-S003839;;
;Модуль памяти;KINGSTON;KVR24N17S6/4 4GB;1932 0000008479036-S002469;;
;Модуль памяти;KINGSTON;KVR24N17S6/4 4GB;1932 0000008479036-S006771;;
;Модуль памяти;KINGSTON;KVR24N17S6/4 4GB;1932 0000008479036-S003682;;
;Модуль памяти;KINGSTON;KVR24N17S6/4 4GB;1932 0000008479036-S006765;;
;Модуль памяти;KINGSTON;KVR24N17S6/4 4GB;1932 0000008479036-S006769;;
;Модуль памяти;KINGSTON;KVR24N17S6/4 4GB;1932 0000008479036-S004344;;
;Модуль памяти;KINGSTON;KVR24N17S6/4 4GB;1932 0000008479036-S006343;;
;Модуль памяти;KINGSTON;KVR24N17S6/4 4GB;1932 0000008479036-S005876;;
;Модуль памяти;KINGSTON;KVR24N17S6/4 4GB;1932 0000008479036-S006715;;
;Модуль памяти;KINGSTON;KVR24N17S6/4 4GB;1932 0000008479036-S004345;;
;Модуль памяти;KINGSTON;KVR24N17S6/4 4GB;1932 0000008479036-S000258;;
;Модуль памяти;KINGSTON;KVR24N17S6/4 4GB;1932 0000008479036-S006693;;
;Модуль памяти;KINGSTON;KVR24N17S6/4 4GB;1932 0000008479036-S001285;;
;Модуль памяти;KINGSTON;KVR24N17S6/4 4GB;1932 0000008479036-S006794;;
;Модуль памяти;KINGSTON;KVR24N17S6/4 4GB;1932 0000008479036-S006037;;
;Модуль памяти;KINGSTON;KVR24N17S6/4 4GB;1932 0000008479036-S001093;;
;Модуль памяти;KINGSTON;KVR24N17S6/4 4GB;1932 0000008479036-S002821;;
;Модуль памяти;KINGSTON;KVR24N17S6/4 4GB;1932 0000008479036-S003685;;
;Модуль памяти;KINGSTON;KVR24N17S6/4 4GB;1932 0000008479036-S001066;;
;Модуль памяти;KINGSTON;KVR24N17S6/4 4GB;1932 0000008479036-S005174;;
;Модуль памяти;KINGSTON;KVR24N17S6/4 4GB;1932 0000008479036-S000939;;
;Модуль памяти;KINGSTON;KVR24N17S6/4 4GB;1932 0000008479036-S001091;;
;Модуль памяти;KINGSTON;KVR24N17S6/4 4GB;1932 0000008479036-S000987;;
;Модуль памяти;KINGSTON;KVR24N17S6/4 4GB;1932 0000008479036-S000936;;
;Модуль памяти;KINGSTON;KVR24N17S6/4 4GB;1932 0000008479036-S003652;;
;Модуль памяти;KINGSTON;KVR24N17S6/4 4GB;1932 0000008479036-S002678;;
;Модуль памяти;KINGSTON;KVR24N17S6/4 4GB;1932 0000008479036-S000682;;
;Модуль памяти;KINGSTON;KVR24N17S6/4 4GB;1932 0000008479036-S002669;;
;Модуль памяти;KINGSTON;KVR24N17S6/4 4GB;1932 0000008479036-S002637;;
;Модуль памяти;KINGSTON;KVR24N17S6/4 4GB;1932 0000008479036-S002639;;
;Модуль памяти;KINGSTON;KVR24N17S6/4 4GB;1932 0000008479036-S004985;;
;Модуль памяти;KINGSTON;KVR24N17S6/4 4GB;1932 0000008479036-S005992;;
;Модуль памяти;KINGSTON;KVR24N17S6/4 4GB;1932 0000008479036-S002865;;
;Модуль памяти;KINGSTON;KVR24N17S6/4 4GB;1932 0000008479036-S003891;;
;Модуль памяти;KINGSTON;KVR24N17S6/4 4GB;1932 0000008479036-S002861;;
;Модуль памяти;KINGSTON;KVR24N17S6/4 4GB;1932 0000008479036-S000689;;
;Модуль памяти;KINGSTON;KVR24N17S6/4 4GB;1932 0000008479036-S000257;;
;Модуль памяти;KINGSTON;KVR24N17S6/4 4GB;1932 0000008479036-S000969;;
;Модуль памяти;KINGSTON;KVR24N17S6/4 4GB;1932 0000008479036-S000310;;
;Модуль памяти;KINGSTON;KVR24N17S6/4 4GB;1932 0000008479036-S000324;;
;Модуль памяти;KINGSTON;KVR24N17S6/4 4GB;1932 0000008479036-S004818;;
;Модуль памяти;KINGSTON;KVR24N17S6/4 4GB;1932 0000008479036-S004375;;
;Модуль памяти;KINGSTON;KVR24N17S6/4 4GB;1932 0000008479036-S004406;;
;Модуль памяти;KINGSTON;KVR24N17S6/4 4GB;1932 0000008479036-S004481;;
;Модуль памяти;KINGSTON;KVR24N17S6/4 4GB;1932 0000008479036-S004318;;
;Модуль памяти;KINGSTON;KVR24N17S6/4 4GB;1932 0000008479036-S004834;;
;Модуль памяти;KINGSTON;KVR24N17S6/4 4GB;1932 0000008479036-S004409;;
;Модуль памяти;KINGSTON;KVR24N17S6/4 4GB;1932 0000008479036-S004352;;
;Модуль памяти;KINGSTON;KVR24N17S6/4 4GB;1932 0000008479036-S004469;;
;Модуль памяти;KINGSTON;KVR24N17S6/4 4GB;1932 0000008479036-S004449;;
;Модуль памяти;KINGSTON;KVR24N17S6/4 4GB;1932 0000008479036-S000984;;
;Модуль памяти;KINGSTON;KVR24N17S6/4 4GB;1932 0000008479036-S000304;;
;Модуль памяти;KINGSTON;KVR24N17S6/4 4GB;1932 0000008479036-S000312;;
;Модуль памяти;KINGSTON;KVR24N17S6/4 4GB;1932 0000008479036-S006750;;
;Модуль памяти;KINGSTON;KVR24N17S6/4 4GB;1932 0000008479036-S004658;;
;Модуль памяти;KINGSTON;KVR24N17S6/4 4GB;1932 0000008479036-S006157;;
;Модуль памяти;KINGSTON;KVR24N17S6/4 4GB;1932 0000008479036-S005396;;
;Модуль памяти;KINGSTON;KVR24N17S6/4 4GB;1932 0000008479036-S006177;;
;Модуль памяти;KINGSTON;KVR24N17S6/4 4GB;1932 0000008479036-S006176;;
;Модуль памяти;KINGSTON;KVR24N17S6/4 4GB;1932 0000008479036-S005336;;
;Модуль памяти;KINGSTON;KVR24N17S6/4 4GB;1932 0000008479036-S004969;;
;Модуль памяти;KINGSTON;KVR24N17S6/4 4GB;1932 0000008479036-S006156;;
;Модуль памяти;KINGSTON;KVR24N17S6/4 4GB;1932 0000008479036-S006196;;
;Модуль памяти;KINGSTON;KVR24N17S6/4 4GB;1932 0000008479036-S005921;;
;Модуль памяти;KINGSTON;KVR24N17S6/4 4GB;1932 0000008479036-S004927;;
;Модуль памяти;KINGSTON;KVR24N17S6/4 4GB;1932 0000008479036-S003654;;
;Модуль памяти;KINGSTON;KVR24N17S6/4 4GB;1932 0000008479036-S004478;;
;Модуль памяти;KINGSTON;KVR24N17S6/4 4GB;1932 0000008479036-S004270;;
;Модуль памяти;KINGSTON;KVR24N17S6/4 4GB;1932 0000008479036-S003650;;
;Модуль памяти;KINGSTON;KVR24N17S6/4 4GB;1932 0000008479036-S003626;;
;Модуль памяти;KINGSTON;KVR24N17S6/4 4GB;1932 0000008479036-S006970;;
;Модуль памяти;KINGSTON;KVR24N17S6/4 4GB;1932 0000008479036-S001046;;
;Модуль памяти;KINGSTON;KVR24N17S6/4 4GB;1932 0000008479036-S001169;;
;Модуль памяти;KINGSTON;KVR24N17S6/4 4GB;1932 0000008479036-S006829;;
;Модуль памяти;KINGSTON;KVR24N17S6/4 4GB;1932 0000008479036-S004890;;
;Модуль памяти;KINGSTON;KVR24N17S6/4 4GB;1932 0000008479036-S005902;;
;Модуль памяти;KINGSTON;KVR24N17S6/4 4GB;1932 0000008479036-S006072;;
;Модуль памяти;KINGSTON;KVR24N17S6/4 4GB;1932 0000008479036-S004921;;
;Модуль памяти;KINGSTON;KVR24N17S6/4 4GB;1932 0000008479036-S006604;;
;Модуль памяти;KINGSTON;KVR24N17S6/4 4GB;1932 0000008479036-S005687;;
;Модуль памяти;KINGSTON;KVR24N17S6/4 4GB;1932 0000008479036-S006194;;
;Модуль памяти;KINGSTON;KVR24N17S6/4 4GB;1932 0000008479036-S006192;;
;Модуль памяти;KINGSTON;KVR24N17S6/4 4GB;1932 0000008479036-S006575;;
;Модуль памяти;KINGSTON;KVR24N17S6/4 4GB;1932 0000008479036-S005487;;
;Модуль памяти;KINGSTON;KVR24N17S6/4 4GB;1932 0000008479036-S006800;;
;Модуль памяти;KINGSTON;KVR24N17S6/4 4GB;1932 0000008479036-S003616;;
;Модуль памяти;KINGSTON;KVR24N17S6/4 4GB;1932 0000008479036-S003624;;
;Модуль памяти;KINGSTON;KVR24N17S6/4 4GB;1932 0000008479036-S006261;;
;Модуль памяти;KINGSTON;KVR24N17S6/4 4GB;1932 0000008479036-S004304;;
;Модуль памяти;KINGSTON;KVR24N17S6/4 4GB;1932 0000008479036-S003644;;
;Модуль памяти;KINGSTON;KVR24N17S6/4 4GB;1932 0000008479036-S001191;;
;Модуль памяти;KINGSTON;KVR24N17S6/4 4GB;1932 0000008479036-S003646;;
;Модуль памяти;KINGSTON;KVR24N17S6/4 4GB;1932 0000008479036-S005527;;
;Модуль памяти;KINGSTON;KVR24N17S6/4 4GB;1932 0000008479036-S004188;;
;Модуль памяти;KINGSTON;KVR24N17S6/4 4GB;1932 0000008479036-S003645;;
;Модуль памяти;KINGSTON;KVR24N17S6/4 4GB;1932 0000008479036-S003470;;
;Модуль памяти;KINGSTON;KVR24N17S6/4 4GB;1932 0000008479036-S004285;;
;Модуль памяти;KINGSTON;KVR24N17S6/4 4GB;1932 0000008479036-S004303;;
;Модуль памяти;KINGSTON;KVR24N17S6/4 4GB;1932 0000008479036-S003619;;
;Модуль памяти;KINGSTON;KVR24N17S6/4 4GB;1932 0000008479036-S002794;;
;Модуль памяти;KINGSTON;KVR24N17S6/4 4GB;1932 0000008479036-S003642;;
;Модуль памяти;KINGSTON;KVR24N17S6/4 4GB;1932 0000008479036-S005146;;
;Модуль памяти;KINGSTON;KVR24N17S6/4 4GB;1932 0000008479036-S003625;;
;Модуль памяти;KINGSTON;KVR24N17S6/4 4GB;1932 0000008479036-S003622;;
;Модуль памяти;KINGSTON;KVR24N17S6/4 4GB;1932 0000008479036-S003820;;
;Модуль памяти;KINGSTON;KVR24N17S6/4 4GB;1932 0000008479036-S001095;;
;Модуль памяти;KINGSTON;KVR24N17S6/4 4GB;1932 0000008479036-S004796;;
;Модуль памяти;KINGSTON;KVR24N17S6/4 4GB;1932 0000008479036-S000900;;
;Модуль памяти;KINGSTON;KVR24N17S6/4 4GB;1932 0000008479036-S006507;;
;Модуль памяти;KINGSTON;KVR24N17S6/4 4GB;1932 0000008479036-S004852;;
;Модуль памяти;KINGSTON;KVR24N17S6/4 4GB;1932 0000008479036-S004287;;
;Модуль памяти;KINGSTON;KVR24N17S6/4 4GB;1932 0000008479036-S004689;;
;Модуль памяти;KINGSTON;KVR24N17S6/4 4GB;1932 0000008479036-S001288;;
;Модуль памяти;KINGSTON;KVR24N17S6/4 4GB;1932 0000008479036-S004244;;
;Модуль памяти;KINGSTON;KVR24N17S6/4 4GB;1932 0000008479036-S001101;;
;Модуль памяти;KINGSTON;KVR24N17S6/4 4GB;1932 0000008479036-S004859;;
;Модуль памяти;KINGSTON;KVR24N17S6/4 4GB;1932 0000008479036-S005959;;
;Модуль памяти;KINGSTON;KVR24N17S6/4 4GB;1932 0000008479036-S002610;;
;Модуль памяти;KINGSTON;KVR24N17S6/4 4GB;1932 0000008479036-S005937;;
;Модуль памяти;KINGSTON;KVR24N17S6/4 4GB;1932 0000008479036-S006020;;
;Модуль памяти;KINGSTON;KVR24N17S6/4 4GB;1932 0000008479036-S005155;;
;Модуль памяти;KINGSTON;KVR24N17S6/4 4GB;1932 0000008479036-S002734;;
;Модуль памяти;KINGSTON;KVR24N17S6/4 4GB;1932 0000008479036-S001058;;
;Модуль памяти;KINGSTON;KVR24N17S6/4 4GB;1932 0000008479036-S004967;;
;Модуль памяти;KINGSTON;KVR24N17S6/4 4GB;1932 0000008479036-S004647;;
;Модуль памяти;KINGSTON;KVR24N17S6/4 4GB;1932 0000008479036-S006207;;
;Модуль памяти;KINGSTON;KVR24N17S6/4 4GB;1932 0000008479036-S000274;;
;Модуль памяти;KINGSTON;KVR24N17S6/4 4GB;1932 0000008479036-S001003;;
;Модуль памяти;KINGSTON;KVR24N17S6/4 4GB;1932 0000008479036-S006657;;
;Модуль памяти;KINGSTON;KVR24N17S6/4 4GB;1932 0000008479036-S001121;;
;Модуль памяти;KINGSTON;KVR24N17S6/4 4GB;1932 0000008479036-S001119;;
;Модуль памяти;KINGSTON;KVR24N17S6/4 4GB;1932 0000008479036-S005963;;
;Модуль памяти;KINGSTON;KVR24N17S6/4 4GB;1932 0000008479036-S005064;;
;Модуль памяти;KINGSTON;KVR24N17S6/4 4GB;1932 0000008479036-S005178;;
;Модуль памяти;KINGSTON;KVR24N17S6/4 4GB;1932 0000008479036-S006656;;
;Модуль памяти;KINGSTON;KVR24N17S6/4 4GB;1932 0000008479036-S004691;;
;Модуль памяти;KINGSTON;KVR24N17S6/4 4GB;1932 0000008479036-S006659;;
;Модуль памяти;KINGSTON;KVR24N17S6/4 4GB;1932 0000008479036-S001116;;
;Модуль памяти;KINGSTON;KVR24N17S6/4 4GB;1932 0000008479036-S005249;;
;Модуль памяти;KINGSTON;KVR24N17S6/4 4GB;1932 0000008479036-S005160;;
;Модуль памяти;KINGSTON;KVR24N17S6/4 4GB;1932 0000008479036-S005136;;
;Модуль памяти;KINGSTON;KVR24N17S6/4 4GB;1932 0000008479036-S005172;;
;Жесткий диск HDD;Seagate;ST1000DM010 1TB;ZN19CDCM;;
;Жесткий диск HDD;Seagate;ST1000DM010 1TB;ZN19DWB3;;
;Жесткий диск HDD;Seagate;ST1000DM010 1TB;ZN19EN7Z;;
;Жесткий диск HDD;Seagate;ST1000DM010 1TB;ZN19DN6K;;
;Жесткий диск HDD;Seagate;ST1000DM010 1TB;ZN19CZFW;;
;Жесткий диск HDD;Seagate;ST1000DM010 1TB;ZN19EB2N;;
;Жесткий диск HDD;Seagate;ST1000DM010 1TB;ZN19E4QX;;
;Жесткий диск HDD;Seagate;ST1000DM010 1TB;ZN19B5BC;;
;Жесткий диск HDD;Seagate;ST1000DM010 1TB;ZN19DLSY;;
;Жесткий диск HDD;Seagate;ST1000DM010 1TB;ZN19DW6V;;
;Жесткий диск HDD;Seagate;ST1000DM010 1TB;ZN19DVZS;;
;Жесткий диск HDD;Seagate;ST1000DM010 1TB;ZN19DNR2;;
;Жесткий диск HDD;Seagate;ST1000DM010 1TB;ZN19DVSL;;
;Жесткий диск HDD;Seagate;ST1000DM010 1TB;ZN19EM8G;;
;Жесткий диск HDD;Seagate;ST1000DM010 1TB;ZN19DNJJ;;
;Жесткий диск HDD;Seagate;ST1000DM010 1TB;ZN19EN39;;
;Жесткий диск HDD;Seagate;ST1000DM010 1TB;ZN19EXH5;;
;Жесткий диск HDD;Seagate;ST1000DM010 1TB;ZN19DS6X;;
;Жесткий диск HDD;Seagate;ST1000DM010 1TB;ZN19DNA0;;
;Жесткий диск HDD;Seagate;ST1000DM010 1TB;ZN19ENQQ;;
;Жесткий диск HDD;Seagate;ST1000DM010 1TB;ZN19EWAY;;
;Жесткий диск HDD;Seagate;ST1000DM010 1TB;ZN19CQGV;;
;Жесткий диск HDD;Seagate;ST1000DM010 1TB;ZN19D763;;
;Жесткий диск HDD;Seagate;ST1000DM010 1TB;ZN19EMHN;;
;Жесткий диск HDD;Seagate;ST1000DM010 1TB;ZN19DNWV;;
;Жесткий диск HDD;Seagate;ST1000DM010 1TB;ZN19DVMM;;
;Жесткий диск HDD;Seagate;ST1000DM010 1TB;ZN19CXJ1;;
;Жесткий диск HDD;Seagate;ST1000DM010 1TB;ZN19CV6T;;
;Жесткий диск HDD;Seagate;ST1000DM010 1TB;ZN19EW8Y;;
;Жесткий диск HDD;Seagate;ST1000DM010 1TB;ZN19EW2W;;
;Жесткий диск HDD;Seagate;ST1000DM010 1TB;ZN19EW85;;
;Жесткий диск HDD;Seagate;ST1000DM010 1TB;ZN19DL1C;;
;Жесткий диск HDD;Seagate;ST1000DM010 1TB;ZN19EQJX;;
;Жесткий диск HDD;Seagate;ST1000DM010 1TB;ZN19EWFH;;
;Жесткий диск HDD;Seagate;ST1000DM010 1TB;ZN19D95M;;
;Жесткий диск HDD;Seagate;ST1000DM010 1TB;ZN19EW20;;
;Жесткий диск HDD;Seagate;ST1000DM010 1TB;ZN19B3DZ;;
;Жесткий диск HDD;Seagate;ST1000DM010 1TB;ZN19EMBH;;
;Жесткий диск HDD;Seagate;ST1000DM010 1TB;ZN19CRPG;;
;Жесткий диск HDD;Seagate;ST1000DM010 1TB;ZN19CYN4;;
;Жесткий диск HDD;Seagate;ST1000DM010 1TB;ZN19CQDH;;
;Жесткий диск HDD;Seagate;ST1000DM010 1TB;ZN19DWD6;;
;Жесткий диск HDD;Seagate;ST1000DM010 1TB;ZN19CR4Y;;
;Жесткий диск HDD;Seagate;ST1000DM010 1TB;ZN19B3DD;;
;Жесткий диск HDD;Seagate;ST1000DM010 1TB;ZN19B3ZF;;
;Жесткий диск HDD;Seagate;ST1000DM010 1TB;ZN19CVT5;;
;Жесткий диск HDD;Seagate;ST1000DM010 1TB;ZN19E4ZQ;;
;Жесткий диск HDD;Seagate;ST1000DM010 1TB;ZN19DKEH;;
;Жесткий диск HDD;Seagate;ST1000DM010 1TB;ZN19BH5V;;
;Жесткий диск HDD;Seagate;ST1000DM010 1TB;ZN19CYQ3;;
;Жесткий диск HDD;Seagate;ST1000DM010 1TB;ZN19B2XC;;
;Жесткий диск HDD;Seagate;ST1000DM010 1TB;ZN19BJNN;;
;Жесткий диск HDD;Seagate;ST1000DM010 1TB;ZN19D19L;;
;Жесткий диск HDD;Seagate;ST1000DM010 1TB;ZN19DSGT;;
;Жесткий диск HDD;Seagate;ST1000DM010 1TB;ZN19DFA3;;
;Жесткий диск HDD;Seagate;ST1000DM010 1TB;ZN19CYXP;;
;Жесткий диск HDD;Seagate;ST1000DM010 1TB;ZN19DRRF;;
;Жесткий диск HDD;Seagate;ST1000DM010 1TB;ZN19CYV0;;
;Жесткий диск HDD;Seagate;ST1000DM010 1TB;ZN19CY4Q;;
;Жесткий диск HDD;Seagate;ST1000DM010 1TB;ZN19CYTJ;;
;Жесткий диск HDD;Seagate;ST1000DM010 1TB;ZN19DRNX;;
;Жесткий диск HDD;Seagate;ST1000DM010 1TB;ZN19DRNX;;
;Жесткий диск HDD;Seagate;ST1000DM010 1TB;ZN19D0S3;;
;Жесткий диск HDD;Seagate;ST1000DM010 1TB;ZN19DRWP;;
;Жесткий диск HDD;Seagate;ST1000DM010 1TB;ZN19CYYJ;;
;Жесткий диск HDD;Seagate;ST1000DM010 1TB;ZN19EN28;;
;Жесткий диск HDD;Seagate;ST1000DM010 1TB;ZN19E5WW;;
;Жесткий диск HDD;Seagate;ST1000DM010 1TB;ZN19EPKM;;
;Жесткий диск HDD;Seagate;ST1000DM010 1TB;ZN19DSX3;;
;Жесткий диск HDD;Seagate;ST1000DM010 1TB;ZN199HJR;;
;Жесткий диск HDD;Seagate;ST1000DM010 1TB;ZN19BJPF;;
;Жесткий диск HDD;Seagate;ST1000DM010 1TB;ZN19DRTY;;
;Корзина для жестких дисков;Chenbro;SK31101T3;19131053110300037;;
;Корзина для жестких дисков;Chenbro;SK31101T3;19131053110300039;;
;Корзина для жестких дисков;Chenbro;SK31101T3;19131053110300176;;
;Корзина для жестких дисков;Chenbro;SK31101T3;19131053110300184;;
;Корзина для жестких дисков;Chenbro;SK31101T3;19131053110300102;;
;Корзина для жестких дисков;Chenbro;SK31101T3;19131053110300144;;
;Корзина для жестких дисков;Chenbro;SK31101T3;19131053110300200;;
;Корзина для жестких дисков;Chenbro;SK31101T3;19131053110300048;;
;Корзина для жестких дисков;Chenbro;SK31101T3;19131053110300153;;
;Корзина для жестких дисков;Chenbro;SK31101T3;19131053110300041;;
;Корзина для жестких дисков;Chenbro;SK31101T3;19131053110300167;;
;Корзина для жестких дисков;Chenbro;SK31101T3;19131053110300147;;
;Корзина для жестких дисков;Chenbro;SK31101T3;19131053110300198;;
;Корзина для жестких дисков;Chenbro;SK31101T3;19131053110300192;;
;Корзина для жестких дисков;Chenbro;SK31101T3;19131053110300191;;
;Корзина для жестких дисков;Chenbro;SK31101T3;19131053110300081;;
;Корзина для жестких дисков;Chenbro;SK31101T3;19131053110300092;;
;Корзина для жестких дисков;Chenbro;SK31101T3;19131053110300089;;
;Корзина для жестких дисков;Chenbro;SK31101T3;19131053110300056;;
;Корзина для жестких дисков;Chenbro;SK31101T3;19131053110300185;;
;Корзина для жестких дисков;Chenbro;SK31101T3;19131053110300199;;
;Корзина для жестких дисков;Chenbro;SK31101T3;19131053110300161;;
;Корзина для жестких дисков;Chenbro;SK31101T3;19131053110300165;;
;Корзина для жестких дисков;Chenbro;SK31101T3;19131053110300180;;
;Корзина для жестких дисков;Chenbro;SK31101T3;19131053110300187;;
;Корзина для жестких дисков;Chenbro;SK31101T3;19131053110300182;;
;Корзина для жестких дисков;Chenbro;SK31101T3;19131053110300169;;
;Корзина для жестких дисков;Chenbro;SK31101T3;19131053110300058;;
;Корзина для жестких дисков;Chenbro;SK31101T3;19131053110300101;;
;Корзина для жестких дисков;Chenbro;SK31101T3;19131053110300173;;
;Корзина для жестких дисков;Chenbro;SK31101T3;19131053110300152;;
;Корзина для жестких дисков;Chenbro;SK31101T3;19131053110300194;;
;Корзина для жестких дисков;Chenbro;SK31101T3;19131053110300188;;
;Корзина для жестких дисков;Chenbro;SK31101T3;19131053110300108;;
;Корзина для жестких дисков;Chenbro;SK31101T3;19131053110300170;;
;Корзина для жестких дисков;Chenbro;SK31101T3;19131053110300130;;
;Корзина для жестких дисков;Chenbro;SK31101T3;19131053110300044;;
;Корзина для жестких дисков;Chenbro;SK31101T3;19131053110300163;;
;Корзина для жестких дисков;Chenbro;SK31101T3;19131053110300100;;
;Корзина для жестких дисков;Chenbro;SK31101T3;19131053110300196;;
;Корзина для жестких дисков;Chenbro;SK31101T3;19131053110300148;;
;Корзина для жестких дисков;Chenbro;SK31101T3;19131053110300049;;
;Корзина для жестких дисков;Chenbro;SK31101T3;19131053110300157;;
;Корзина для жестких дисков;Chenbro;SK31101T3;19131053110300052;;
;Корзина для жестких дисков;Chenbro;SK31101T3;19131053110300175;;
;Корзина для жестких дисков;Chenbro;SK31101T3;19131053110300164;;
;Корзина для жестких дисков;Chenbro;SK31101T3;19131053110300097;;
;Корзина для жестких дисков;Chenbro;SK31101T3;19131053110300201;;
;Корзина для жестких дисков;Chenbro;SK31101T3;19131053110300096;;
;Корзина для жестких дисков;Chenbro;SK31101T3;19131053110300174;;
;Корзина для жестких дисков;Chenbro;SK31101T3;19131053110300190;;
;Корзина для жестких дисков;Chenbro;SK31101T3;19131053110300046;;
;Корзина для жестких дисков;Chenbro;SK31101T3;19131053110300168;;
;Корзина для жестких дисков;Chenbro;SK31101T3;19131053110300040;;
;Корзина для жестких дисков;Chenbro;SK31101T3;19131053110300053;;
;Корзина для жестких дисков;Chenbro;SK31101T3;19131053110300171;;
;Корзина для жестких дисков;Chenbro;SK31101T3;19131053110300179;;
;Корзина для жестких дисков;Chenbro;SK31101T3;19131053110300155;;
;Корзина для жестких дисков;Chenbro;SK31101T3;19131053110300103;;
;Корзина для жестких дисков;Chenbro;SK31101T3;19131053110300135;;
;Корзина для жестких дисков;Chenbro;SK31101T3;19131053110300166;;
;Корзина для жестких дисков;Chenbro;SK31101T3;19131053110300038;;
;Корзина для жестких дисков;Chenbro;SK31101T3;19131053110300136;;
;Корзина для жестких дисков;Chenbro;SK31101T3;19131053110300051;;
;Корзина для жестких дисков;Chenbro;SK31101T3;19131053110300134;;
;Корзина для жестких дисков;Chenbro;SK31101T3;19131053110300129;;
;Корзина для жестких дисков;Chenbro;SK31101T3;19131053110300090;;
;Корзина для жестких дисков;Chenbro;SK31101T3;19131053110300178;;
;Корзина для жестких дисков;Chenbro;SK31101T3;19131053110300177;;
;Корзина для жестких дисков;Chenbro;SK31101T3;19131053110300042;;
;Корзина для жестких дисков;Chenbro;SK31101T3;19131053110300193;;
;Корзина для жестких дисков;Chenbro;SK31101T3;18491053110300503;;
;Оптический привод;LITE-ON;DVD-RW IHAS122;2F8913510478 3743522551;;
;Оптический привод;LITE-ON;DVD-RW IHAS122;2F8913510477 3743522551;;
;Оптический привод;LITE-ON;DVD-RW IHAS122;2F8913510461 3743522551;;
;Оптический привод;LITE-ON;DVD-RW IHAS122;2F8913510462 3743522551;;
;Оптический привод;LITE-ON;DVD-RW IHAS122;2F8913510463 3743522551;;
;Оптический привод;LITE-ON;DVD-RW IHAS122;2F8913510464 3743522551;;
;Оптический привод;LITE-ON;DVD-RW IHAS122;2F8913510471 3743522551;;
;Оптический привод;LITE-ON;DVD-RW IHAS122;2F8913510472 3743522551;;
;Оптический привод;LITE-ON;DVD-RW IHAS122;2F8913510474 3743522551;;
;Оптический привод;LITE-ON;DVD-RW IHAS122;2F8913510473 3743522551;;
;Оптический привод;LITE-ON;DVD-RW IHAS122;2F8913510467 3743522551;;
;Оптический привод;LITE-ON;DVD-RW IHAS122;2F8913510468 3743522551;;
;Оптический привод;LITE-ON;DVD-RW IHAS122;2F8913510480 3743522551;;
;Оптический привод;LITE-ON;DVD-RW IHAS122;2F8913510469 3743522551;;
;Оптический привод;LITE-ON;DVD-RW IHAS122;2F8913510465 3743522551;;
;Оптический привод;LITE-ON;DVD-RW IHAS122;2F8913510479 3743522551;;
;Оптический привод;LITE-ON;DVD-RW IHAS122;2F8913510470 3743522551;;
;Оптический привод;LITE-ON;DVD-RW IHAS122;2F8913510466 3743522551;;
;Оптический привод;LITE-ON;DVD-RW IHAS122;2F8913510476 3743522551;;
;Оптический привод;LITE-ON;DVD-RW IHAS122;2F8913510475 3743522551;;
;Оптический привод;LITE-ON;DVD-RW IHAS122;2F8913510521 3743522551;;
;Оптический привод;LITE-ON;DVD-RW IHAS122;2F8913510522 3743522551;;
;Оптический привод;LITE-ON;DVD-RW IHAS122;2F8913510523 3743522551;;
;Оптический привод;LITE-ON;DVD-RW IHAS122;2F8913510524 3743522551;;
;Оптический привод;LITE-ON;DVD-RW IHAS122;2F8913510525 3743522551;;
;Оптический привод;LITE-ON;DVD-RW IHAS122;2F8913510526 3743522551;;
;Оптический привод;LITE-ON;DVD-RW IHAS122;2F8913510527 3743522551;;
;Оптический привод;LITE-ON;DVD-RW IHAS122;2F8913510528 3743522551;;
;Оптический привод;LITE-ON;DVD-RW IHAS122;2F8913510529 3743522551;;
;Оптический привод;LITE-ON;DVD-RW IHAS122;2F8913510530 3743522551;;
;Оптический привод;LITE-ON;DVD-RW IHAS122;2F8913510531 3743522551;;
;Оптический привод;LITE-ON;DVD-RW IHAS122;2F8913510532 3743522551;;
;Оптический привод;LITE-ON;DVD-RW IHAS122;2F8913510533 3743522551;;
;Оптический привод;LITE-ON;DVD-RW IHAS122;2F8913510534 3743522551;;
;Оптический привод;LITE-ON;DVD-RW IHAS122;2F8913510535 3743522551;;
;Оптический привод;LITE-ON;DVD-RW IHAS122;2F8913510536 3743522551;;
;Оптический привод;LITE-ON;DVD-RW IHAS122;2F8913510537 3743522551;;
;Оптический привод;LITE-ON;DVD-RW IHAS122;2F8913510538 3743522551;;
;Оптический привод;LITE-ON;DVD-RW IHAS122;2F8913510539 3743522551;;
;Оптический привод;LITE-ON;DVD-RW IHAS122;2F8913510540 3743522551;;
;Оптический привод;LITE-ON;DVD-RW IHAS122;2F8913510681 3743522551;;
;Оптический привод;LITE-ON;DVD-RW IHAS122;2F8913510682 3743522551;;
;Оптический привод;LITE-ON;DVD-RW IHAS122;2F8913510683 3743522551;;
;Оптический привод;LITE-ON;DVD-RW IHAS122;2F8913510684 3743522551;;
;Оптический привод;LITE-ON;DVD-RW IHAS122;2F8913510685 3743522551;;
;Оптический привод;LITE-ON;DVD-RW IHAS122;2F8913510686 3743522551;;
;Оптический привод;LITE-ON;DVD-RW IHAS122;2F8913510687 3743522551;;
;Оптический привод;LITE-ON;DVD-RW IHAS122;2F8913510688 3743522551;;
;Оптический привод;LITE-ON;DVD-RW IHAS122;2F8913510689 3743522551;;
;Оптический привод;LITE-ON;DVD-RW IHAS122;2F8913510690 3743522551;;
;Оптический привод;LITE-ON;DVD-RW IHAS122;2F8913510691 3743522551;;
;Оптический привод;LITE-ON;DVD-RW IHAS122;2F8913510692 3743522551;;
;Оптический привод;LITE-ON;DVD-RW IHAS122;2F8913510693 3743522551;;
;Оптический привод;LITE-ON;DVD-RW IHAS122;2F8913510694 3743522551;;
;Оптический привод;LITE-ON;DVD-RW IHAS122;2F8913510695 3743522551;;
;Оптический привод;LITE-ON;DVD-RW IHAS122;2F8913510696 3743522551;;
;Оптический привод;LITE-ON;DVD-RW IHAS122;2F8913510697 3743522551;;
;Оптический привод;LITE-ON;DVD-RW IHAS122;2F8913510698 3743522551;;
;Оптический привод;LITE-ON;DVD-RW IHAS122;2F8913510699 3743522551;;
;Оптический привод;LITE-ON;DVD-RW IHAS122;2F8913510700 3743522551;;
;Оптический привод;LITE-ON;DVD-RW IHAS122;2F8913510781 3743522551;;
;Оптический привод;LITE-ON;DVD-RW IHAS122;2F8913510782 3743522551;;
;Оптический привод;LITE-ON;DVD-RW IHAS122;2F8913510783 3743522551;;
;Оптический привод;LITE-ON;DVD-RW IHAS122;2F8913510784 3743522551;;
;Оптический привод;LITE-ON;DVD-RW IHAS122;2F8913510785 3743522551;;
;Оптический привод;LITE-ON;DVD-RW IHAS122;2F8913510786 3743522551;;
;Оптический привод;LITE-ON;DVD-RW IHAS122;2F8913510787 3743522551;;
;Оптический привод;LITE-ON;DVD-RW IHAS122;2F8913510788 3743522551;;
;Оптический привод;LITE-ON;DVD-RW IHAS122;2F8913510789 3743522551;;
;Оптический привод;LITE-ON;DVD-RW IHAS122;2F8913510790 3743522551;;
;Оптический привод;LITE-ON;DVD-RW IHAS122;2F8913510791 3743522551;;
;Оптический привод;LITE-ON;DVD-RW IHAS122;2F8913510792 3743522551;;
;Оптический привод;LITE-ON;DVD-RW IHAS122;2F8913510793 3743522551;;
;Оптический привод;LITE-ON;DVD-RW IHAS122;2F8913510794 3743522551;;
;Оптический привод;LITE-ON;DVD-RW IHAS122;2F8913510795 3743522551;;
;Оптический привод;LITE-ON;DVD-RW IHAS122;2F8913510796 3743522551;;
;Оптический привод;LITE-ON;DVD-RW IHAS122;2F8913510797 3743522551;;
;Оптический привод;LITE-ON;DVD-RW IHAS122;2F8913510798 3743522551;;
;Оптический привод;LITE-ON;DVD-RW IHAS122;2F8913510799 3743522551;;
;Оптический привод;LITE-ON;DVD-RW IHAS122;2F8913510800 3743522551;;
;Блок питания;COOLER MASTER;MPW-6001-ACABN 600W;MPW6001ACABN11192401436;;
;Блок питания;COOLER MASTER;MPW-6001-ACABN 600W;MPW6001ACABN11192401435;;
;Блок питания;COOLER MASTER;MPW-6001-ACABN 600W;MPW6001ACABN11192401434;;
;Блок питания;COOLER MASTER;MPW-6001-ACABN 600W;MPW6001ACABN11192401433;;
;Блок питания;COOLER MASTER;MPW-6001-ACABN 600W;MPW6001ACABN11192401432;;
;Блок питания;COOLER MASTER;MPW-6001-ACABN 600W;MPW6001ACABN11192401526;;
;Блок питания;COOLER MASTER;MPW-6001-ACABN 600W;MPW6001ACABN11192401525;;
;Блок питания;COOLER MASTER;MPW-6001-ACABN 600W;MPW6001ACABN11192401524;;
;Блок питания;COOLER MASTER;MPW-6001-ACABN 600W;MPW6001ACABN11192401523;;
;Блок питания;COOLER MASTER;MPW-6001-ACABN 600W;MPW6001ACABN11192401522;;
;Блок питания;COOLER MASTER;MPW-6001-ACABN 600W;MPW6001ACABN11192401471;;
;Блок питания;COOLER MASTER;MPW-6001-ACABN 600W;MPW6001ACABN11192401470;;
;Блок питания;COOLER MASTER;MPW-6001-ACABN 600W;MPW6001ACABN11192401469;;
;Блок питания;COOLER MASTER;MPW-6001-ACABN 600W;MPW6001ACABN11192401468;;
;Блок питания;COOLER MASTER;MPW-6001-ACABN 600W;MPW6001ACABN11192401467;;
;Блок питания;COOLER MASTER;MPW-6001-ACABN 600W;MPW6001ACABN11192401456;;
;Блок питания;COOLER MASTER;MPW-6001-ACABN 600W;MPW6001ACABN11192401455;;
;Блок питания;COOLER MASTER;MPW-6001-ACABN 600W;MPW6001ACABN11192401454;;
;Блок питания;COOLER MASTER;MPW-6001-ACABN 600W;MPW6001ACABN11192401453;;
;Блок питания;COOLER MASTER;MPW-6001-ACABN 600W;MPW6001ACABN11192401452;;
;Блок питания;COOLER MASTER;MPW-6001-ACABN 600W;MPW6001ACABN11192401491;;
;Блок питания;COOLER MASTER;MPW-6001-ACABN 600W;MPW6001ACABN11192401490;;
;Блок питания;COOLER MASTER;MPW-6001-ACABN 600W;MPW6001ACABN11192401489;;
;Блок питания;COOLER MASTER;MPW-6001-ACABN 600W;MPW6001ACABN11192401488;;
;Блок питания;COOLER MASTER;MPW-6001-ACABN 600W;MPW6001ACABN11192401487;;
;Блок питания;COOLER MASTER;MPW-6001-ACABN 600W;MPW6001ACABN11192401459;;
;Блок питания;COOLER MASTER;MPW-6001-ACABN 600W;MPW6001ACABN11192401535;;
;Блок питания;COOLER MASTER;MPW-6001-ACABN 600W;MPW6001ACABN11192401534;;
;Блок питания;COOLER MASTER;MPW-6001-ACABN 600W;MPW6001ACABN11192401457;;
;Блок питания;COOLER MASTER;MPW-6001-ACABN 600W;MPW6001ACABN11192401421;;
;Блок питания;COOLER MASTER;MPW-6001-ACABN 600W;MPW6001ACABN11192401420;;
;Блок питания;COOLER MASTER;MPW-6001-ACABN 600W;MPW6001ACABN11192401419;;
;Блок питания;COOLER MASTER;MPW-6001-ACABN 600W;MPW6001ACABN11192401418;;
;Блок питания;COOLER MASTER;MPW-6001-ACABN 600W;MPW6001ACABN11192401417;;
;Блок питания;COOLER MASTER;MPW-6001-ACABN 600W;MPW6001ACABN11192401486;;
;Блок питания;COOLER MASTER;MPW-6001-ACABN 600W;MPW6001ACABN11192401485;;
;Блок питания;COOLER MASTER;MPW-6001-ACABN 600W;MPW6001ACABN11192401484;;
;Блок питания;COOLER MASTER;MPW-6001-ACABN 600W;MPW6001ACABN11192401483;;
;Блок питания;COOLER MASTER;MPW-6001-ACABN 600W;MPW6001ACABN11192401482;;
;Блок питания;COOLER MASTER;MPW-6001-ACABN 600W;MPW6001ACABN11192401411;;
;Блок питания;COOLER MASTER;MPW-6001-ACABN 600W;MPW6001ACABN11192401410;;
;Блок питания;COOLER MASTER;MPW-6001-ACABN 600W;MPW6001ACABN11192401409;;
;Блок питания;COOLER MASTER;MPW-6001-ACABN 600W;MPW6001ACABN11192401407;;
;Блок питания;COOLER MASTER;MPW-6001-ACABN 600W;MPW6001ACABN11192401408;;
;Блок питания;COOLER MASTER;MPW-6001-ACABN 600W;MPW6001ACABN11192401426;;
;Блок питания;COOLER MASTER;MPW-6001-ACABN 600W;MPW6001ACABN11192401425;;
;Блок питания;COOLER MASTER;MPW-6001-ACABN 600W;MPW6001ACABN11192401424;;
;Блок питания;COOLER MASTER;MPW-6001-ACABN 600W;MPW6001ACABN11192401423;;
;Блок питания;COOLER MASTER;MPW-6001-ACABN 600W;MPW6001ACABN11192401422;;
;Блок питания;COOLER MASTER;MPW-6001-ACABN 600W;MPW6001ACABN11192401446;;
;Блок питания;COOLER MASTER;MPW-6001-ACABN 600W;MPW6001ACABN11192401445;;
;Блок питания;COOLER MASTER;MPW-6001-ACABN 600W;MPW6001ACABN11192401444;;
;Блок питания;COOLER MASTER;MPW-6001-ACABN 600W;MPW6001ACABN11192401443;;
;Блок питания;COOLER MASTER;MPW-6001-ACABN 600W;MPW6001ACABN11192401442;;
;Блок питания;COOLER MASTER;MPW-6001-ACABN 600W;MPW6001ACABN11192401476;;
;Блок питания;COOLER MASTER;MPW-6001-ACABN 600W;MPW6001ACABN11192401475;;
;Блок питания;COOLER MASTER;MPW-6001-ACABN 600W;MPW6001ACABN11192401474;;
;Блок питания;COOLER MASTER;MPW-6001-ACABN 600W;MPW6001ACABN11192401473;;
;Блок питания;COOLER MASTER;MPW-6001-ACABN 600W;MPW6001ACABN11192401472;;
;Блок питания;COOLER MASTER;MPW-6001-ACABN 600W;MPW6001ACABN11192401402;;
;Блок питания;COOLER MASTER;MPW-6001-ACABN 600W;MPW6001ACABN11192401403;;
;Блок питания;COOLER MASTER;MPW-6001-ACABN 600W;MPW6001ACABN11192401404;;
;Блок питания;COOLER MASTER;MPW-6001-ACABN 600W;MPW6001ACABN11192401405;;
;Блок питания;COOLER MASTER;MPW-6001-ACABN 600W;MPW6001ACABN11192401406;;
;Блок питания;COOLER MASTER;MPW-6001-ACABN 600W;MPW6001ACABN11192401551;;
;Блок питания;COOLER MASTER;MPW-6001-ACABN 600W;MPW6001ACABN11192401550;;
;Блок питания;COOLER MASTER;MPW-6001-ACABN 600W;MPW6001ACABN11192401549;;
;Блок питания;COOLER MASTER;MPW-6001-ACABN 600W;MPW6001ACABN11192401548;;
;Блок питания;COOLER MASTER;MPW-6001-ACABN 600W;MPW6001ACABN11192401547;;
;Блок питания;COOLER MASTER;MPW-6001-ACABN 600W;MPW6001ACABN11192401462;;
;Блок питания;COOLER MASTER;MPW-6001-ACABN 600W;MPW6001ACABN11192401465;;
;Блок питания;COOLER MASTER;MPW-6001-ACABN 600W;MPW6001ACABN11192401466;;
;Блок питания;COOLER MASTER;MPW-6001-ACABN 600W;MPW6001ACABN11192401451;;
;Блок питания;COOLER MASTER;MPW-6001-ACABN 600W;MPW6001ACABN11192401450;;
;Блок питания;COOLER MASTER;MPW-6001-ACABN 600W;MPW6001ACABN11192401449;;
;Блок питания;COOLER MASTER;MPW-6001-ACABN 600W;MPW6001ACABN11192401448;;
;Блок питания;COOLER MASTER;MPW-6001-ACABN 600W;MPW6001ACABN11192401447;;
;Блок питания;COOLER MASTER;MPW-6001-ACABN 600W;MPW6001ACABN11192401463;;
;Блок питания;COOLER MASTER;MPW-6001-ACABN 600W;MPW6001ACABN11192401536;;
;Блок питания;COOLER MASTER;MPW-6001-ACABN 600W;MPW6001ACABN11192401464;;
;Блок питания;COOLER MASTER;MPW-6001-ACABN 600W;MPW6001ACABN11192401461;;
;Монитор;Acer;K242HLbd 24";MMT0FEE001927008358507;;
;Монитор;Acer;K242HLbd 24";MMT0FEE001927008718507;;
;Монитор;Acer;K242HLbd 24";MMT0FEE001927008528507;;
;Монитор;Acer;K242HLbd 24";MMT0FEE001927008428507;;
;Монитор;Acer;K242HLbd 24";MMT0FEE0019270082C8507;;
;Монитор;Acer;K242HLbd 24";MMT0FEE0019270082D8507;;
;Монитор;Acer;K242HLbd 24";MMT0FEE001927008378507;;
;Монитор;Acer;K242HLbd 24";MMT0FEE001927008448507;;
;Монитор;Acer;K242HLbd 24";MMT0FEE001927008508507;;
;Монитор;Acer;K242HLbd 24";MMT0FEE001927008698507;;
;Монитор;Acer;K242HLbd 24";MMT0FEE0019270084F8507;;
;Монитор;Acer;K242HLbd 24";MMT0FEE001927008B48507;;
;Монитор;Acer;K242HLbd 24";MMT0FEE001927008B38507;;
;Монитор;Acer;K242HLbd 24";MMT0FEE001927008488507;;
;Монитор;Acer;K242HLbd 24";MMT0FEE001927008C88507;;
;Монитор;Acer;K242HLbd 24";MMT0FEE001927008708507;;
;Монитор;Acer;K242HLbd 24";MMT0FEE001927008728507;;
;Монитор;Acer;K242HLbd 24";MMT0FEE001927008618507;;
;Монитор;Acer;K242HLbd 24";MMT0FEE001927008CB8507;;
;Монитор;Acer;K242HLbd 24";MMT0FEE001927008688507;;
;Монитор;Acer;K242HLbd 24";MMT0FEE001927008C78507;;
;Монитор;Acer;K242HLbd 24";MMT0FEE001927008B28507;;
;Монитор;Acer;K242HLbd 24";MMT0FEE0019270085C8507;;
;Монитор;Acer;K242HLbd 24";MMT0FEE001927008648507;;
;Монитор;Acer;K242HLbd 24";MMT0FEE001927008468507;;
;Монитор;Acer;K242HLbd 24";MMT0FEE0019270084E8507;;
;Монитор;Acer;K242HLbd 24";MMT0FEE001927008C58507;;
;Монитор;Acer;K242HLbd 24";MMT0FEE001927008138507;;
;Монитор;Acer;K242HLbd 24";MMT0FEE0019270084D8507;;
;Монитор;Acer;K242HLbd 24";MMT0FEE001927008308507;;
;Монитор;Acer;K242HLbd 24";MMT0FEE0019270083E8507;;
;Монитор;Acer;K242HLbd 24";MMT0FEE001927008458507;;
;Монитор;Acer;K242HLbd 24";MMT0FEE001927008478507;;
;Монитор;Acer;K242HLbd 24";MMT0FEE001927008B58507;;
;Монитор;Acer;K242HLbd 24";MMT0FEE001927008348507;;
;Монитор;Acer;K242HLbd 24";MMT0FEE001927008CA8507;;
;Монитор;Acer;K242HLbd 24";MMT0FEE0019270082E8507;;
;Монитор;Acer;K242HLbd 24";MMT0FEE001927008CC8507;;
;Монитор;Acer;K242HLbd 24";MMT0FEE001927008B88507;;
;Монитор;Acer;K242HLbd 24";MMT0FEE001927008C98507;;
;Монитор;Acer;K242HLbd 24";MMT0FEE001927008B78507;;
;Монитор;Acer;K242HLbd 24";MMT0FEE0019270085F8507;;
;Монитор;Acer;K242HLbd 24";MMT0FEE001927008518507;;
;Монитор;Acer;K242HLbd 24";MMT0FEE0019270086C8507;;
;Монитор;Acer;K242HLbd 24";MMT0FEE001927008C68507;;
;Монитор;Acer;K242HLbd 24";MMT0FEE001927008758507;;
;Монитор;Acer;K242HLbd 24";MMT0FEE0019270085B8507;;
;Монитор;Acer;K242HLbd 24";MMT0FEE001927008388507;;
;Монитор;Acer;K242HLbd 24";MMT0FEE001927008B18507;;
;Монитор;Acer;K242HLbd 24";MMT0FEE0019270085D8507;;
;Монитор;Acer;K242HLbd 24";MMT0FEE001927008438507;;
;Монитор;Acer;K242HLbd 24";MMT0FEE0019270086A8507;;
;Монитор;Acer;K242HLbd 24";MMT0FEE0019270082B8507;;
;Монитор;Acer;K242HLbd 24";MMT0FEE001927008498507;;
;Коммутатор;HPE OfficeConnect;1920S-24G-2SFP (JL381A);CN91K3L103;;
;Коммутатор;HPE OfficeConnect;1920S-24G-2SFP (JL381A);CN96K3L3J3;;
;Коммутатор;HPE OfficeConnect;1920S-24G-2SFP (JL381A);CN91K3L0KC;;
;Коммутатор;HPE OfficeConnect;1920S-24G-2SFP (JL381A);CN96K3L3DQ;;
;Коммутатор;HPE OfficeConnect;1920S-24G-2SFP (JL381A);CN91K3L03W;;
;Коммутатор;HPE OfficeConnect;1920S-24G-2SFP (JL381A);CN96K3L2ZK;;
;Коммутатор;HPE OfficeConnect;1920S-24G-2SFP (JL381A);CN96K3L3G5;;
;Коммутатор;HPE OfficeConnect;1920S-24G-2SFP (JL381A);CN91K3L0C7;;
;Коммутатор;HPE OfficeConnect;1920S-24G-2SFP (JL381A);CN91K3L2T3;;
;Коммутатор;HPE OfficeConnect;1920S-24G-2SFP (JL381A);CN96K3L3GP;;
;Принтер;HP;LaserJet Enterprise 700 M712;CNEVM720M6;;
;Принтер;HP;LaserJet Enterprise 700 M712;CNEVM720ML;;
;Принтер;HP;LaserJet Enterprise 700 M712;CNEVM9113Z;;
;Принтер;HP;LaserJet Enterprise 700 M712;CNEVM8V0NZ;;
;Принтер;HP;LaserJet Enterprise 700 M712;CNEVM8V0NR;;
;Принтер;HP;LaserJet Enterprise 700 M712;CNEVM8V0PX;;
;Принтер;HP;LaserJet Enterprise 700 M712;CNEVM91142;;
;Принтер;HP;LaserJet Enterprise 700 M712;CNEVM91145;;
;Принтер;HP;LaserJet Enterprise 700 M712;CNEVM8V0NN;;
;Принтер;HP;LaserJet Enterprise 700 M712;CNEVM8V0P6;;
;Принтер;HP;LaserJet Enterprise 700 M712;CNEVM720MF;;
;Принтер;HP;LaserJet Enterprise 700 M712;CNEVM9113H;;
;Принтер;HP;LaserJet Enterprise 700 M712;CNEVM9C0K3;;
;Принтер;HP;LaserJet Enterprise 700 M712;CNEVM9C0K7;;
;Принтер;HP;LaserJet Enterprise 700 M712;CNEVM9113K;;
;Принтер;HP;LaserJet Enterprise 700 M712;CNEVM91138;;
;Принтер;HP;LaserJet Enterprise 700 M712;CNEVM9113X;;
;Принтер;HP;LaserJet Enterprise 700 M712;CNEVM9113V;;
;Принтер;HP;LaserJet Enterprise 700 M712;CNEVM9113R;;
;Принтер;HP;LaserJet Enterprise 700 M712;CNEVM8V0PK;;
;Принтер;HP;LaserJet Enterprise 700 M712;CNEVM8V0PW;;
;Принтер;HP;LaserJet Enterprise 700 M712;CNEVM9113G;;
;Принтер;HP;LaserJet Enterprise 700 M712;CNEVM9113P;;
;Принтер;HP;LaserJet Enterprise 700 M712;CNEVM8V0NV;;
;Принтер;HP;LaserJet Enterprise 700 M712;CNEVM8V0NH;;
;Принтер;HP;LaserJet Enterprise 700 M712;CNEVM8V0NX;;
;Принтер;HP;LaserJet Enterprise 700 M712;CNEVM8V0PN;;
;Принтер;HP;LaserJet Pro M404n W1A52A;PHCD304062;;
;Принтер;HP;LaserJet Pro M404n W1A52A;PHCD208433;;
;Принтер;HP;LaserJet Pro M404n W1A52A;PHCD304059;;
;Принтер;HP;LaserJet Pro M404n W1A52A;PHCD304063;;
;Принтер;HP;LaserJet Pro M404n W1A52A;PHCD304053;;
;Принтер;HP;LaserJet Pro M404n W1A52A;PHCD304056;;
;Принтер;HP;LaserJet Pro M404n W1A52A;PHCD304061;;
;Принтер;HP;LaserJet Pro M404n W1A52A;PHCD304058;;
;Принтер;HP;LaserJet Pro M404n W1A52A;PHCD304055;;
;Принтер;HP;LaserJet Pro M404n W1A52A;PHCD304064;;
;Принтер;HP;LaserJet Pro M404n W1A52A;PHCD304019;;
;Принтер;HP;LaserJet Pro M404n W1A52A;PHCD304057;;
;Источник бесперебойного питания;APC Back-UPS;BE700G-RS 405Вт;5B1916T41364;;
;Источник бесперебойного питания;APC Back-UPS;BE700G-RS 405Вт;5B1916T42194;;
;Источник бесперебойного питания;APC Back-UPS;BE700G-RS 405Вт;5B1916T42179;;
;Источник бесперебойного питания;APC Back-UPS;BE700G-RS 405Вт;5B1916T42173;;
;Источник бесперебойного питания;APC Back-UPS;BE700G-RS 405Вт;5B1916T42203;;
;Источник бесперебойного питания;APC Back-UPS;BE700G-RS 405Вт;5B1916T41390;;
;Источник бесперебойного питания;APC Back-UPS;BE700G-RS 405Вт;5B1916T42195;;
;Источник бесперебойного питания;APC Back-UPS;BE700G-RS 405Вт;5B1916T42197;;
;Источник бесперебойного питания;APC Back-UPS;BE700G-RS 405Вт;5B1916T41391;;
;Источник бесперебойного питания;APC Back-UPS;BE700G-RS 405Вт;5B1916T41398;;
;Источник бесперебойного питания;APC Back-UPS;BE700G-RS 405Вт;5B1929T78379;;
;Источник бесперебойного питания;APC Back-UPS;BE700G-RS 405Вт;5B1929T48813;;
;Источник бесперебойного питания;APC Back-UPS;BE700G-RS 405Вт;5B1916T42183;;
;Источник бесперебойного питания;APC Back-UPS;BE700G-RS 405Вт;5B1916T42169;;
;Источник бесперебойного питания;APC Back-UPS;BE700G-RS 405Вт;5B1916T42184;;
;Источник бесперебойного питания;APC Back-UPS;BE700G-RS 405Вт;5B1916T42201;;
;Источник бесперебойного питания;APC Back-UPS;BE700G-RS 405Вт;5B1916T42196;;
;Источник бесперебойного питания;APC Back-UPS;BE700G-RS 405Вт;5B1916T41409;;
;Источник бесперебойного питания;APC Back-UPS;BE700G-RS 405Вт;5B1916T41362;;
;Источник бесперебойного питания;APC Back-UPS;BE700G-RS 405Вт;5B1916T42192;;
;Источник бесперебойного питания;APC Back-UPS;BE700G-RS 405Вт;5B1916T42175;;
;Источник бесперебойного питания;APC Back-UPS;BE700G-RS 405Вт;5B1916T41378;;
;Источник бесперебойного питания;APC Back-UPS;BE700G-RS 405Вт;5B1916T42208;;
;Источник бесперебойного питания;APC Back-UPS;BE700G-RS 405Вт;5B1916T42200;;
;Источник бесперебойного питания;APC Back-UPS;BE700G-RS 405Вт;5B1916T41386;;
;Источник бесперебойного питания;APC Back-UPS;BE700G-RS 405Вт;5B1929T78492;;
;Источник бесперебойного питания;APC Back-UPS;BE700G-RS 405Вт;5B1929T78515;;
;Источник бесперебойного питания;APC Back-UPS;BE700G-RS 405Вт;5B1916T41402;;
;Источник бесперебойного питания;APC Back-UPS;BE700G-RS 405Вт;5B1916T41372;;
;Источник бесперебойного питания;APC Back-UPS;BE700G-RS 405Вт;5B1916T42198;;
;Источник бесперебойного питания;APC Back-UPS;BE700G-RS 405Вт;5B1916T41394;;
;Источник бесперебойного питания;APC Back-UPS;BE700G-RS 405Вт;5B1929T48828;;
;Источник бесперебойного питания;APC Back-UPS;BE700G-RS 405Вт;5B1929T48821;;
;Источник бесперебойного питания;APC Back-UPS;BE700G-RS 405Вт;5B1929T78516;;
;Источник бесперебойного питания;APC Back-UPS;BE700G-RS 405Вт;5B1929T78488;;
;Источник бесперебойного питания;APC Back-UPS;BE700G-RS 405Вт;5B1929T78487;;
;Источник бесперебойного питания;APC Back-UPS;BE700G-RS 405Вт;5B1929T78498;;
;Источник бесперебойного питания;APC Back-UPS;BE700G-RS 405Вт;5B1916T42207;;
;Источник бесперебойного питания;APC Back-UPS;BE700G-RS 405Вт;5B1916T42186;;
;Источник бесперебойного питания;APC Back-UPS;BE700G-RS 405Вт;5B1916T41271;;
;Источник бесперебойного питания;APC Back-UPS;BE700G-RS 405Вт;5B1916T41270;;
;Источник бесперебойного питания;APC Back-UPS;BE700G-RS 405Вт;5B1916T41357;;
;Источник бесперебойного питания;APC Back-UPS;BE700G-RS 405Вт;5B1916T41315;;
;Источник бесперебойного питания;APC Back-UPS;BE700G-RS 405Вт;5B1916T41389;;
;Источник бесперебойного питания;APC Back-UPS;BE700G-RS 405Вт;5B1916T41383;;
;Источник бесперебойного питания;APC Back-UPS;BE700G-RS 405Вт;5B1916T42154;;
;Источник бесперебойного питания;APC Back-UPS;BE700G-RS 405Вт;5B1916T42187;;
;Источник бесперебойного питания;APC Back-UPS;BE700G-RS 405Вт;5B1916T42176;;
;Источник бесперебойного питания;APC Back-UPS;BE700G-RS 405Вт;5B1916T42202;;
;Источник бесперебойного питания;APC Back-UPS;BE700G-RS 405Вт;5B1916T42209;;
;Источник бесперебойного питания;APC Back-UPS;BE700G-RS 405Вт;5B1916T42204;;